candidate_id,source_key,review_decision,reviewed_category,reviewed_markers,review_note
cb064e97179e0d98901d7caad418eeb9,hoerspiele.de:episode:5864,accept,,,
9218d5c0ea1ed34612e30f5a38f6e33f,hoerspiele.de:episode:5864,accept,,,
5a203d27a99b573940157323798ec8ef,hoerspiele.de:episode:5864,accept,,,
d325d3574a40a8e5c4a65d796cf1b9e7,hoerspiele.de:episode:6733,accept,,,
37ec62ea9be81ef412d3c8b6cb46759a,hoerspiele.de:episode:6733,accept,,,
9766573e27c371b4b4023500f609d2b1,hoerspiele.de:episode:6733,accept,,,
8ce1d08ab45d6e8cf6a74d547842ae4d,hoerspiele.de:episode:7358,accept,,,
53e7f133a8d486d39fca4747c085e4c9,hoerspiele.de:episode:7358,accept,,,
38bb1d0a15f501a34cee4d8393fef592,hoerspiele.de:episode:7358,accept,,,
952a921bbc0592efd81a0ef7edd8600f,hoerspiele.de:episode:8187,accept,,,
708cc8bdd9770b1b630b78533444f791,hoerspiele.de:episode:8187,accept,,,
362fb368a9a25e8af0bb3e4c9963600d,hoerspiele.de:episode:8187,accept,,,
6218092c4bb43d35e1cd72a832e0a896,hoerspiele.de:episode:8188,accept,,,
db3d6040a6fd1d2f4a5f17ae536497af,hoerspiele.de:episode:8188,accept,,,
848c85f7dc7c8aa9782018b4094b69a9,hoerspiele.de:episode:8188,accept,,,
41858bdb92e57f0b3ef20dfe8273aa45,hoerspiele.de:episode:8322,accept,,,
1be539b659a7aa4a6537b67bac70ecb0,hoerspiele.de:episode:8322,accept,,,
1f1f5999a5f966c61dcdebe383805bb1,hoerspiele.de:episode:8322,accept,,,
df143059562679955b44dc9f0311bedf,hoerspiele.de:episode:8653,accept,,,
e1acc08d9d1daec14720a7578d7ac67e,hoerspiele.de:episode:8653,accept,,,
becffce4a6e1dd5a020479e5524003e1,hoerspiele.de:episode:8653,accept,,,
7a97209f1941f3714f2f22495b946353,hoerspiele.de:episode:8654,accept,,,
cc8bbd1e22dc8655bb992d7f7c8b13e7,hoerspiele.de:episode:8654,accept,,,
6f33258de45fe5b5980df9ecdde21b3d,hoerspiele.de:episode:8654,accept,,,
5646d5356a94157f778b7e873391bf1e,hoerspiele.de:episode:9085,accept,,,
896839f6b66c9d8ba90f9b8dfbf9553c,hoerspiele.de:episode:9085,accept,,,
517737a933d39c161e802a887df82cd3,hoerspiele.de:episode:9085,accept,,,
1d41371eebdd9ed74948f01f6fd41d54,hoerspiele.de:episode:9086,accept,,,
15a739e3dc2b3ed47e67f477d43176cb,hoerspiele.de:episode:9086,accept,,,
0d32b034c3f3770d79a12d207d15df76,hoerspiele.de:episode:9087,accept,,,
4131f60ed0d1f477aa7569a0338776be,hoerspiele.de:episode:9087,accept,,,
acb7a9f1baf909906e86e5bc7dc9aa6f,hoerspiele.de:episode:9087,accept,,,
d1eb35f9023691d0b2d0e52b32a963bc,hoerspiele.de:episode:9550,accept,,,
dabfd14b5d35f0a78b9809bf7bbaa204,hoerspiele.de:episode:9550,accept,,,
fc892ba910ed1c0f6074043c53cb8873,hoerspiele.de:episode:9550,accept,,,
1f69ea31ddc29f7f30cc74d6262db337,hoerspiele.de:episode:9551,accept,,,
9f39c8c2eeb508856896fb11d3ee858c,hoerspiele.de:episode:9551,accept,,,
6f036f1b8d4ae57e1068ceeaf3c390ac,hoerspiele.de:episode:9551,accept,,,
0e4a33909cf3209ec57db38d03854220,hoerspiele.de:episode:9552,accept,,,
1405e054fbcb36526d25d605f31cec13,hoerspiele.de:episode:9552,accept,,,
9f264e21bf578d0f354aab753ef0c217,hoerspiele.de:episode:9552,accept,,,
63171661151a4872c530b19fa87541a4,hoerspiele.de:episode:9846,accept,,,
ef845e9c21e2a2ec236526131e166c00,hoerspiele.de:episode:9846,accept,,,
b5146906a63dbb9e0b281ba13a7d6987,hoerspiele.de:episode:9846,accept,,,
b60e52688846fd444eee85b6bf766e71,hoerspiele.de:episode:10582,accept,,,
97df25fd336434f6e86c1f5f783bd0b8,hoerspiele.de:episode:10582,accept,,,
aa355313f594e3bf77e9944ab46a5a57,hoerspiele.de:episode:10582,accept,,,
485c415dbc51430d27a08f1651b350b9,hoerspiele.de:episode:10758,accept,,,
9f45f2d628513f27468f5a9b0f1ff9c1,hoerspiele.de:episode:10758,accept,,,
839b8ad91e25e42d1e427572f5e8ed74,hoerspiele.de:episode:10758,accept,,,
88a8fcf28fd4d86101aa342f2386bc26,hoerspiele.de:episode:11670,accept,,,
5c123d88a3163276aba13bc92d10010f,hoerspiele.de:episode:11670,accept,,,
f994e19055d89696f3876cb22b2302d1,hoerspiele.de:episode:11670,accept,,,
34192c180eae67146279f3efa68508af,hoerspiele.de:episode:11671,accept,,,
d1743fb27d256e05c910ba34e9aa0e0c,hoerspiele.de:episode:11671,accept,,,
59edd7d7aadd854a762aa06233e80707,hoerspiele.de:episode:11671,accept,,,
a330121ca7d88a3cb79bcda198ba4fa1,hoerspiele.de:stub:d08b6bc89764ae575a5068d6ecd895c6c502a6bdc75567ce14e107012d919284,accept,,,
8d6fb10c79ed8a9b65f8d936d015945d,hoerspiele.de:stub:d08b6bc89764ae575a5068d6ecd895c6c502a6bdc75567ce14e107012d919284,accept,,,
f6dc840e0d361fd79b91ee8f7309a7a2,hoerspiele.de:stub:d08b6bc89764ae575a5068d6ecd895c6c502a6bdc75567ce14e107012d919284,accept,,,
4971409fa5d476518b5a70e9c485f840,hoerspiele.de:stub:e692f3e93eb002d6581203c86eb70bc0413d18664fd03110790c9a46051467f0,accept,,,
724db9b39e3bf6351e27a0d29df32dbd,hoerspiele.de:stub:e692f3e93eb002d6581203c86eb70bc0413d18664fd03110790c9a46051467f0,accept,,,
909c4ca027750af45ec85bd68a1ff285,hoerspiele.de:stub:e692f3e93eb002d6581203c86eb70bc0413d18664fd03110790c9a46051467f0,accept,,,
11eb43f23d563999ced9bb1441a7b29b,hoerspiele.de:stub:407cf249b8941519b9d5eb75432d1cd652a1f54117885153c147d3d178fae9d1,accept,,,
d9dc3592bfc1cf429e58320235a099fc,hoerspiele.de:stub:407cf249b8941519b9d5eb75432d1cd652a1f54117885153c147d3d178fae9d1,accept,,,
763476ac7d77f32aa49558e95f411a32,hoerspiele.de:stub:407cf249b8941519b9d5eb75432d1cd652a1f54117885153c147d3d178fae9d1,accept,,,
7bc568dba2495f45bc5415932584c034,hoerspiele.de:stub:4dcbac1f0784a8adbd19b40b6ad20facc2b653f1357748b8ac59d3b59f61e94f,accept,,,
f484dcf587a9db3910840e92e6587102,hoerspiele.de:stub:4dcbac1f0784a8adbd19b40b6ad20facc2b653f1357748b8ac59d3b59f61e94f,accept,,,
8d614fe2170f40b5b95ef397693ad8d5,hoerspiele.de:stub:4dcbac1f0784a8adbd19b40b6ad20facc2b653f1357748b8ac59d3b59f61e94f,accept,,,
9cb6976f6fa8a7ceb1b66e0a9780e222,hoerspiele.de:stub:e811eff4284e5917250ec113e953de0e77b076a9a1481533f76a37e02f8565ef,accept,,,
1ead60cad06d32dce89d0e470695464f,hoerspiele.de:stub:e811eff4284e5917250ec113e953de0e77b076a9a1481533f76a37e02f8565ef,accept,,,
92cfaa277322a07ea6d861ed0cdbff1d,hoerspiele.de:stub:e811eff4284e5917250ec113e953de0e77b076a9a1481533f76a37e02f8565ef,accept,,,
9bfa88a1d1c5dd3ea3b443f0370d0100,hoerspiele.de:stub:c8712b174acf9af180711aa3703da29c4819298c5232bf22984d511ea320385b,accept,,,
68b19f24c7132be2dd6863e90f53f043,hoerspiele.de:stub:c8712b174acf9af180711aa3703da29c4819298c5232bf22984d511ea320385b,accept,,,
a75a71b07429d7ee0ab0e81d812b68b5,hoerspiele.de:stub:c8712b174acf9af180711aa3703da29c4819298c5232bf22984d511ea320385b,accept,,,
08e0a4536526b8c898595042b1863500,hoerspiele.de:stub:3e88899a23bfa63380388ea263c57c84f8e1e860443873d94959d16a21345772,accept,,,
754671d0b366e3e50ecfff411b2edab8,hoerspiele.de:stub:3e88899a23bfa63380388ea263c57c84f8e1e860443873d94959d16a21345772,accept,,,
1c6232b11f69868dbe2ed07dc0050db1,hoerspiele.de:stub:3e88899a23bfa63380388ea263c57c84f8e1e860443873d94959d16a21345772,accept,,,
47fd15c99885e20228729f5481d70170,hoerspiele.de:stub:e97dfad5a128a2399bc1b750de142e0da92b48ac7d0c88a68719da9f9d503a7f,accept,,,
f942a70a0786b14952f73d9ebd314401,hoerspiele.de:stub:e97dfad5a128a2399bc1b750de142e0da92b48ac7d0c88a68719da9f9d503a7f,accept,,,
65ccf20a6d5e26b52216bff9f8b5f584,hoerspiele.de:stub:e97dfad5a128a2399bc1b750de142e0da92b48ac7d0c88a68719da9f9d503a7f,accept,,,
b9eddd1500c518511736c916741e1a5e,hoerspiele.de:stub:b6fac9bd890de6fb378bac60ff2ff848f7631656f4f73425a3e1d1f327abcaf5,accept,,,
bb5af1e164942679a61b4490958386a9,hoerspiele.de:stub:b6fac9bd890de6fb378bac60ff2ff848f7631656f4f73425a3e1d1f327abcaf5,accept,,,
809bc3143936e990f6e1c0b82224927e,hoerspiele.de:stub:b6fac9bd890de6fb378bac60ff2ff848f7631656f4f73425a3e1d1f327abcaf5,accept,,,
90ff5119b67f184629f19d21e2fc2b17,hoerspiele.de:stub:e92a0cdeb30c61982f76bc435c78bc56e597c432c4e2bafce6c558709a49f546,accept,,,
a7477080769eafb63a02a264c5f779c4,hoerspiele.de:stub:e92a0cdeb30c61982f76bc435c78bc56e597c432c4e2bafce6c558709a49f546,accept,,,
ac862e912c32fc13758d73c9f0c250c7,hoerspiele.de:stub:e92a0cdeb30c61982f76bc435c78bc56e597c432c4e2bafce6c558709a49f546,accept,,,
a30e6419016b21fe6e6cbbbbabf9ef08,hoerspiele.de:stub:baeee3b7cc881194b5980515913a867f05c7a0d815dd36ad389392fe20cd9494,accept,,,
6b54a3dd3b8b69a580b2ef935bd13ba1,hoerspiele.de:stub:baeee3b7cc881194b5980515913a867f05c7a0d815dd36ad389392fe20cd9494,accept,,,
9ad9ce3ed7e4e58c1052a4bcf6318ead,hoerspiele.de:stub:baeee3b7cc881194b5980515913a867f05c7a0d815dd36ad389392fe20cd9494,accept,,,
f1a2aa23e594af178ed117d96589cdfe,hoerspiele.de:stub:c80429e0dd6be44f1a41917cb43a52f7df071f3446ffdbdbad62f7825155b789,accept,,,
025d01ec03ebb9dbc75da7db819fc003,hoerspiele.de:stub:c80429e0dd6be44f1a41917cb43a52f7df071f3446ffdbdbad62f7825155b789,accept,,,
83c6ec1d3d884a2a6ba999cb3cdc0975,hoerspiele.de:stub:c80429e0dd6be44f1a41917cb43a52f7df071f3446ffdbdbad62f7825155b789,accept,,,
70abde1898aa1362f967884619c33bcb,hoerspiele.de:stub:6eb92ef61e5ce8bfff59f5d4fa8694a4a3f25fe3171e73556c709a03172f874d,accept,,,
cd28bcff389e2c5c0127a24e3fdaa142,hoerspiele.de:stub:6eb92ef61e5ce8bfff59f5d4fa8694a4a3f25fe3171e73556c709a03172f874d,accept,,,
14d3c6ed6325a556ea0f8482af0d6e7e,hoerspiele.de:stub:6eb92ef61e5ce8bfff59f5d4fa8694a4a3f25fe3171e73556c709a03172f874d,accept,,,
4ca244ec20cfd693741a3bbe10cdf9e9,hoerspiele.de:stub:9ad5c18e4318debb9e9c2dbd92475af39dcf9a15748b7536b6ab303577701a52,accept,,,
ad793512ea04eedabdd5acdfcc15e502,hoerspiele.de:stub:9ad5c18e4318debb9e9c2dbd92475af39dcf9a15748b7536b6ab303577701a52,accept,,,
de1d581291ff67e03430534a8eb1b5b1,hoerspiele.de:stub:9ad5c18e4318debb9e9c2dbd92475af39dcf9a15748b7536b6ab303577701a52,accept,,,
b0a929a78c6859952006b6a7869eaae2,hoerspiele.de:stub:f32a193f238f8c89f602d0dc47ab700e9048873dae2599ad547ca1bba0e2d3c4,accept,,,
d903acac5959feeefb1ac8b6081643b0,hoerspiele.de:stub:f32a193f238f8c89f602d0dc47ab700e9048873dae2599ad547ca1bba0e2d3c4,accept,,,
f046da9cef532488226b81034ba00bfe,hoerspiele.de:stub:f32a193f238f8c89f602d0dc47ab700e9048873dae2599ad547ca1bba0e2d3c4,accept,,,
e490ebed3c7277fc20c1581154e8dd15,hoerspiele.de:stub:757e5310d77ed96bf9322b66b5f65ba076c44e07e303bdc067e49fa7b5889e1e,accept,,,
ac3c0572bed83fba8ddddcdd8b01ab82,hoerspiele.de:stub:757e5310d77ed96bf9322b66b5f65ba076c44e07e303bdc067e49fa7b5889e1e,accept,,,
12bba2d7b81e6f2fde5ea64fc8a6e876,hoerspiele.de:stub:757e5310d77ed96bf9322b66b5f65ba076c44e07e303bdc067e49fa7b5889e1e,accept,,,
494d0900ceb4aa9d892bdc861cfa3a86,hoerspiele.de:stub:99fdaa4e50223d3dca5aadb885da11bf6cdbd70cd1feb4c77a54a61e56587beb,accept,,,
9cfa71d9fcc8ea74999eec0ac13773a0,hoerspiele.de:stub:99fdaa4e50223d3dca5aadb885da11bf6cdbd70cd1feb4c77a54a61e56587beb,accept,,,
6a543d286d89901cd8c87fea41454d52,hoerspiele.de:stub:99fdaa4e50223d3dca5aadb885da11bf6cdbd70cd1feb4c77a54a61e56587beb,accept,,,
8cb93e87c3338f8bec84d6fff88d584d,hoerspiele.de:stub:1e2143c431bc73c94ee3e69cd7824344d80b2ed348b572707bbfc293681bf389,accept,,,
ab3f1a83fb4d8feffd08cc5d1f217e41,hoerspiele.de:stub:1e2143c431bc73c94ee3e69cd7824344d80b2ed348b572707bbfc293681bf389,accept,,,
5390ae48091111da494e9ccf239f15ab,hoerspiele.de:stub:1e2143c431bc73c94ee3e69cd7824344d80b2ed348b572707bbfc293681bf389,accept,,,
5f6b275fa69dbed132e959501355e011,hoerspiele.de:stub:25abc04e85bf6892a436e307069d24b5e22b8a6def1e8f333ea98cefd947463a,accept,,,
315c10ad1559a62d597ead08529236ed,hoerspiele.de:stub:25abc04e85bf6892a436e307069d24b5e22b8a6def1e8f333ea98cefd947463a,accept,,,
3784c4fcde7f7434e6a87a35cea76736,hoerspiele.de:stub:25abc04e85bf6892a436e307069d24b5e22b8a6def1e8f333ea98cefd947463a,accept,,,
f2ccea43119b6962712927ffd26c6891,hoerspiele.de:stub:923c9e9899301f4f625f23f9638c7a259a77b96382c481ae0a879346e6666ee3,accept,,,
f73dc9c3e4a2a44984ea3d7069affe0c,hoerspiele.de:stub:923c9e9899301f4f625f23f9638c7a259a77b96382c481ae0a879346e6666ee3,accept,,,
1dae0b8dc8310fcf4a1801b4bd6bf15f,hoerspiele.de:stub:923c9e9899301f4f625f23f9638c7a259a77b96382c481ae0a879346e6666ee3,accept,,,
a8beabeadab30ccabaa9f72ad8834270,hoerspiele.de:stub:37e1a59bb80ea9d18d45becc523776e519e28c52dabb36a24f1ca6b6dc9b4347,accept,,,
d517cfc8832a3dc35597d655bca9a9e9,hoerspiele.de:stub:37e1a59bb80ea9d18d45becc523776e519e28c52dabb36a24f1ca6b6dc9b4347,accept,,,
19d9218941bb8cadc37a8507c1c7b6ce,hoerspiele.de:stub:37e1a59bb80ea9d18d45becc523776e519e28c52dabb36a24f1ca6b6dc9b4347,accept,,,
c7a2b8634427158fa25c445b142e3cf1,hoerspiele.de:stub:9599427ae5beb8098a086be857d8273dd296c64b0d73115c6fb8f03804a026bb,accept,,,
f0798f21a692ba39ae079d637e55c793,hoerspiele.de:stub:9599427ae5beb8098a086be857d8273dd296c64b0d73115c6fb8f03804a026bb,accept,,,
f76c5f53984d830834778b52c5a75191,hoerspiele.de:stub:9599427ae5beb8098a086be857d8273dd296c64b0d73115c6fb8f03804a026bb,accept,,,
a8996dbbf6a89ccf3fa6723b3a03e708,hoerspiele.de:stub:7f0c6e65b513238dfbd0ccb10068c0c4a26f995d97b246e6b1e12462f21504a3,accept,,,
4b5ad01e9c808da9afc042095df630f8,hoerspiele.de:stub:7f0c6e65b513238dfbd0ccb10068c0c4a26f995d97b246e6b1e12462f21504a3,accept,,,
5d9248da75e0b71594c982cfaa45fc76,hoerspiele.de:stub:7f0c6e65b513238dfbd0ccb10068c0c4a26f995d97b246e6b1e12462f21504a3,accept,,,
442cc952f08172eea7ccff1910fd8fd4,hoerspiele.de:stub:891ad3287f343714a33709eed744a983a174637742d825c3c42b8b91b509b2d6,accept,,,
2dcb703272db06ea95aef8d7501478d1,hoerspiele.de:stub:891ad3287f343714a33709eed744a983a174637742d825c3c42b8b91b509b2d6,accept,,,
b2516d5b7ea3501eb06aaa5697c0f46c,hoerspiele.de:stub:891ad3287f343714a33709eed744a983a174637742d825c3c42b8b91b509b2d6,accept,,,
6ab9c1b959d53645e74fbb4af4ef2598,hoerspiele.de:stub:72c38c9e15e7d3906f4a4bd698b10e5b59ffc9f6321f8995d7a0d116e4cfba7f,accept,,,
87e5fe0e3a6ab08a4074fcc4552c3adb,hoerspiele.de:stub:72c38c9e15e7d3906f4a4bd698b10e5b59ffc9f6321f8995d7a0d116e4cfba7f,accept,,,
261034275e81bef8ccbf5702ed05e5eb,hoerspiele.de:stub:72c38c9e15e7d3906f4a4bd698b10e5b59ffc9f6321f8995d7a0d116e4cfba7f,accept,,,
66e1bc8d69d69cfdffa52ca2f46cc702,hoerspiele.de:stub:f378fc1b3100330ffece394b30e31fc3e356616ccd372a614a6b2e780778b85a,accept,,,
ff811727d6f07ebf4a12dc917652744d,hoerspiele.de:stub:f378fc1b3100330ffece394b30e31fc3e356616ccd372a614a6b2e780778b85a,accept,,,
19676ca642deec617f7537a30368eb8b,hoerspiele.de:stub:f378fc1b3100330ffece394b30e31fc3e356616ccd372a614a6b2e780778b85a,accept,,,
8738e8aec2bb63fdcbea2dc2673802b0,hoerspiele.de:stub:01e41aa6282bf7e1bfb00a823a8057b2ae3da9822060f5d7f24b2be7f5d2d17f,accept,,,
d92d42e02e8ceaa3f1410f590bfa36b4,hoerspiele.de:stub:01e41aa6282bf7e1bfb00a823a8057b2ae3da9822060f5d7f24b2be7f5d2d17f,accept,,,
8e3facfdd03e304f446bb8f28b09dfef,hoerspiele.de:stub:01e41aa6282bf7e1bfb00a823a8057b2ae3da9822060f5d7f24b2be7f5d2d17f,accept,,,
ebe802443bacbd726775232717e1661b,hoerspiele.de:stub:b4acb14a524b93d2e45d319e4709b6ed7cc590d6ccd69e00703a144969468fd0,accept,,,
c6d9384a4955eaebdd02676a0f172eb7,hoerspiele.de:stub:b4acb14a524b93d2e45d319e4709b6ed7cc590d6ccd69e00703a144969468fd0,accept,,,
722d6064a84a935fdb3219670852f099,hoerspiele.de:stub:b4acb14a524b93d2e45d319e4709b6ed7cc590d6ccd69e00703a144969468fd0,accept,,,
91f77507c40078d036c471927bc935fb,hoerspiele.de:stub:5465378b1be575c60df3ae74fd91a8489444f9039dc264d377da3bc7c0604f76,accept,,,
eea2eb0ff8722a856b898cfbb38ff39e,hoerspiele.de:stub:5465378b1be575c60df3ae74fd91a8489444f9039dc264d377da3bc7c0604f76,accept,,,
1988467ad417142cbbd40b8e5ac1e508,hoerspiele.de:stub:5465378b1be575c60df3ae74fd91a8489444f9039dc264d377da3bc7c0604f76,accept,,,
cecd7f2264a3ada71f03624b58850f2a,hoerspiele.de:stub:0a11d197f4fbb83d076abdae8553e2b30afa8e1332277a02b3f045d546d8ada8,accept,,,
a9d11b6482c3752abb3d096f76954248,hoerspiele.de:stub:0a11d197f4fbb83d076abdae8553e2b30afa8e1332277a02b3f045d546d8ada8,accept,,,
3d74fc1243a9a26b5af8be8e994804b8,hoerspiele.de:stub:0a11d197f4fbb83d076abdae8553e2b30afa8e1332277a02b3f045d546d8ada8,accept,,,
65595833758441fbd29987e5c416bc16,hoerspiele.de:stub:aec2893ff7a8f2c101e510c707f5b95679052198be3ae6e215f7be466618f33e,accept,,,
aa532caa548c85a283374e7ae0e89074,hoerspiele.de:stub:aec2893ff7a8f2c101e510c707f5b95679052198be3ae6e215f7be466618f33e,accept,,,
b35c545d736aaa05797f2f62bf02e20d,hoerspiele.de:stub:aec2893ff7a8f2c101e510c707f5b95679052198be3ae6e215f7be466618f33e,accept,,,
67979a54bdec00d26254c816983c5319,hoerspiele.de:stub:e63a63f968c0dfafcfe06b2f9b9516bf4dabbe5ab7abc6a0dd3ec80b36c3c338,accept,,,
b0b5fb3ad225ce5f3863ea884bc6aa44,hoerspiele.de:stub:e63a63f968c0dfafcfe06b2f9b9516bf4dabbe5ab7abc6a0dd3ec80b36c3c338,accept,,,
f13eeb78640f22053753f2dd5d6243c6,hoerspiele.de:stub:e63a63f968c0dfafcfe06b2f9b9516bf4dabbe5ab7abc6a0dd3ec80b36c3c338,accept,,,
69834d330d785c3166c77533a8895a91,hoerspiele.de:stub:65b5f8aabc87ae4e98bdcc10acff7ab8a1fb7b034a93ca63e94b9b2bb3a524b6,accept,,,
dfe182c97258d68ba6bb2bac1ee13990,hoerspiele.de:stub:65b5f8aabc87ae4e98bdcc10acff7ab8a1fb7b034a93ca63e94b9b2bb3a524b6,accept,,,
ddf84a65d958f462c3832e5504ba2729,hoerspiele.de:stub:65b5f8aabc87ae4e98bdcc10acff7ab8a1fb7b034a93ca63e94b9b2bb3a524b6,accept,,,
237739d97dfcc5b53c68946854441660,hoerspiele.de:stub:52f116c049f0dd6fb3be15e05620078419846a4b773fddc14f4ea0adf5e45d74,accept,,,
20d68f8b5755509e5379943583bb6bc9,hoerspiele.de:stub:52f116c049f0dd6fb3be15e05620078419846a4b773fddc14f4ea0adf5e45d74,accept,,,
db9e8d0fd070f740c0188884a667c90c,hoerspiele.de:stub:52f116c049f0dd6fb3be15e05620078419846a4b773fddc14f4ea0adf5e45d74,accept,,,
376a2787d35ad56f3577921cce168c29,hoerspiele.de:stub:5b5e9c756dfb655c01f5d13636e3144008b1b9a6a3fd4005244d22e6249465bb,accept,,,
941a667d273eb815651b81aca171fd54,hoerspiele.de:stub:5b5e9c756dfb655c01f5d13636e3144008b1b9a6a3fd4005244d22e6249465bb,accept,,,
c0f5ff2dd765f77875292303479b8f6f,hoerspiele.de:stub:5b5e9c756dfb655c01f5d13636e3144008b1b9a6a3fd4005244d22e6249465bb,accept,,,
a141ac3acf21a3be5533c87138674f2c,hoerspiele.de:stub:9f76b4f5508c7311b4f6c33e2ca0ea48aa153080851cc59da5601fc26e9d4cf4,accept,,,
ba43b98d6ba19c9fc2850dfe89beab19,hoerspiele.de:stub:9f76b4f5508c7311b4f6c33e2ca0ea48aa153080851cc59da5601fc26e9d4cf4,accept,,,
062529372218c9c01e68a52c15385d5a,hoerspiele.de:stub:9f76b4f5508c7311b4f6c33e2ca0ea48aa153080851cc59da5601fc26e9d4cf4,accept,,,
a505edf2a2e94d98b43c2d0a5f046d00,hoerspiele.de:episode:16922,accept,,,
671229db518740947fb8d768367a8aa2,hoerspiele.de:episode:16922,accept,,,
67e086497539a55d9bac759db6c0706a,hoerspiele.de:episode:16923,accept,,,
440cef545b116954d136ac3fe06b3cff,hoerspiele.de:episode:16923,accept,,,
6e35954d5e5ef1f88f51a83150e63e07,hoerspiele.de:episode:16924,accept,,,
58e97c1d73c95f6f8a50d833e3c7899c,hoerspiele.de:episode:16924,accept,,,
78508be5abcc00b7d0bf0f16a28c4fef,hoerspiele.de:episode:16925,accept,,,
86a55357e3c798abe1c67569db43a6b0,hoerspiele.de:episode:16925,accept,,,
4701b55d9824a948119ce23e29ff5b09,hoerspiele.de:episode:16926,accept,,,
ff554d0f491ee7959df8d3c28ba9a12a,hoerspiele.de:episode:16926,accept,,,
998bde2c648bdee6769e4e1a814e078f,hoerspiele.de:episode:3849,accept,,,
8f0a1d64017cc08a275187700a302b27,hoerspiele.de:episode:3849,accept,,,
e50602ed220214ca543236c3d3efdc34,hoerspiele.de:episode:7467,accept,,,
578a67e6c0211fd203452f03263beb98,hoerspiele.de:episode:7467,accept,,,
198656ebd324b709f1a335ebcac6dd25,hoerspiele.de:episode:19682,accept,,,
5bd142fdd2f5e7b210be2e64022008a5,hoerspiele.de:episode:19682,accept,,,
e711ada921149ae6a225ddea5dfcb62e,hoerspiele.de:episode:16420,accept,,,
802b44e184e681af0c669ce543bc656e,hoerspiele.de:episode:15557,accept,,,
0f871d5198ede34da97d553a802332f0,hoerspiele.de:episode:15557,accept,,,
6f09ca15a27e2828317ff9a27fe372df,hoerspiele.de:episode:3166,accept,,,
a6303a558856c8536ec6d75bcd5dfdeb,hoerspiele.de:episode:3166,accept,,,
5fd143d2ddb45b74a5ee8426fb94d7e7,hoerspiele.de:episode:3165,accept,,,
9862e2cef0c30f2d552163ae3e92e9bf,hoerspiele.de:episode:3165,accept,,,
fe113039dffe382ae53737ef9a2d83f7,hoerspiele.de:episode:3164,accept,,,
dcf165aed898f3e538674d581de12ec3,hoerspiele.de:episode:3164,accept,,,
448d549f61d83a1ce411629c7102269b,hoerspiele.de:episode:3168,accept,,,
d0c4fe749bb14f3f0db3237f0062e617,hoerspiele.de:episode:3168,accept,,,
8f83fb756b28a09e93f4c4229b4f7601,hoerspiele.de:episode:3167,accept,,,
72e61e00679d97fb5afe168b103b8548,hoerspiele.de:episode:28771,accept,,,
de88fc02ba90d17494cd808499627bfa,hoerspiele.de:episode:30498,accept,,,
6f72a5cabefc9d3fa9f918d236e6d0ac,hoerspiele.de:episode:7698,accept,,,
188314e4045f66386326ec8945659e41,hoerspiele.de:episode:7699,accept,,,
97745452d4f2814b057c273510de5377,hoerspiele.de:episode:7701,accept,,,
03d78d7e14724147dcbfd207b5a84bae,hoerspiele.de:episode:7702,accept,,,
afb19f82dc59ee798b404ce5110a0e6e,hoerspiele.de:episode:7703,accept,,,
0daa97616fde44f3cec00e89f23188f9,hoerspiele.de:episode:7927,accept,,,
68bc1c09b678161f4cba7636a35279eb,hoerspiele.de:episode:7928,accept,,,
2fdcf4f5971c6cf94834c60181c033f7,hoerspiele.de:episode:7929,accept,,,
af243418d122377bc4f6781d79323ca1,hoerspiele.de:episode:7930,accept,,,
3130cdffa6aaa41179ea59c33dff6aa6,hoerspiele.de:stub:d6d7467292b519881503d56368a4682aad1dc9d3fd68d2e4c0fe279bb36618c6,accept,,,
1fa6e13511f8543be39116d8be17843d,hoerspiele.de:stub:835ed11ef588a149c0b0daa17359a9c1bdc7231eb69da15735a46a8245f5e436,accept,,,
45e684c3863dc8458c9bbda63d997175,hoerspiele.de:stub:f250b3b11d9930e84548af16c77aa173a6d18d42a106b95c7865583894aba67d,accept,,,
571cd986b59c07291532f2db1eb31db1,hoerspiele.de:stub:b9fee20c56396ae8b3f75a36b77c6470bc53043e3d4d72607453cbf3391cd5e7,accept,,,
c26c7514780f220d9b48940c412a15c0,hoerspiele.de:stub:4127706e3be32eaac9e1aa7b6dd87f363fad82447e68eea184889a7c0b852949,accept,,,
56781a63484880597ba1c22c4b02b359,hoerspiele.de:stub:66406d71451d86449f5748cb232731ba3709750a2596ba53e093a5c2046e4f6b,accept,,,
390d831635bce3cdf2208835975278ce,hoerspiele.de:stub:54472f1b0338763da9cb7eab65769b40b65c31186d2ce841283251a5a29c6c42,accept,,,
9863217d03d35203a4157343d6988aab,hoerspiele.de:episode:20267,accept,,,
b6396b170261bf18d57d36c21bda61d2,hoerspiele.de:stub:0d64e4eb172bb0a14d92a1da054117810115386002de8c887e470d0b74b965f5,accept,,,
8c8a89761fbc03cc29308ee2fd4d94de,hoerspiele.de:stub:ae1b91edf234efbe5b27d51bc30b39aacc0169db30008e89a396719589ea6d9f,accept,,,
141627b5216fe92cc0044b7c868decb5,hoerspiele.de:stub:ef8eeddafa3def7ea9b231b489f4eab8df721544f670faa9244cfbe5b600184b,accept,,,
9bfff7eeccf5cee71453b328360d0249,hoerspiele.de:stub:340d249e6c1df272a1d5c4926b01ac125626031b05a882f79f61d25d826559a3,accept,,,
a8ec300b4284ee28677d266d2d3c7635,hoerspiele.de:stub:cf81608489d177522c275ac56f5b014610f80ae83e7dbb882939c5b203692f04,accept,,,
ed34778e8f574646c49a1ebd4dd99daf,hoerspiele.de:stub:0d576fbc2787d1941c568d2adcb977455f8cd9d5028ae389378ae07b63d257f3,accept,,,
b89f0314602054e4a8948748e324ec90,hoerspiele.de:episode:24568,accept,,,
5814723096bc5ee462b93b1062fe576f,hoerspiele.de:episode:25632,accept,,,
d49fad07ae33bf0ef07beda962beb417,hoerspiele.de:episode:30086,accept,,,
4f452b1deda4dd9e2b54702fc1ab64a3,hoerspiele.de:episode:12455,accept,,,
9c8e666a14a47baaae1d7f524a1c436a,hoerspiele.de:episode:7700,accept,,,
2c0efa89ada9f5ca899a22cb60546d24,hoerspiele.de:episode:27322,accept,,,
a7cd838c83ab463dae2045fd8f71437c,hoerspiele.de:episode:27983,accept,,,
43da84f1cb28e8e65dd8d14149325a9b,hoerspiele.de:stub:2dc8f729bc5a7d7a5e1097178c73aba3e84bd5f17bf8787f26bef9e89c1ff3ff,accept,,,
e2d0723b3c205a1312f20c48b67d795a,hoerspiele.de:episode:29618,accept,,,
b46b605df187b439801806148476e070,hoerspiele.de:stub:78485d3de55e07206b63309350288a8bceb2d53975a39abe83d6e04624927fe6,accept,,,
70028a91651bcefa7dcf9b46dbb40f9c,hoerspiele.de:stub:ad387354af92f1620aece1b2e5d176209dcca116ddb71e52792d67025d7e516c,accept,,,
511fd86c4aabb66962d0dbff64e01423,hoerspiele.de:episode:11690,accept,,,
6b223a88e786432bdfba4c75f06f8c2e,hoerspiele.de:episode:25604,accept,,,
6821806749ae9212e04e8de71f6c0e05,hoerspiele.de:stub:90fed0d6da9c16a988e7a1e7b6ab50cd0584946a9742b457af06017c20e378b4,accept,,,
593362eb4d91beba83f6f17ea1ba0192,hoerspiele.de:episode:9185,accept,,,
640c8ae80f19bee1c2c76f500863cce1,hoerspiele.de:episode:11409,accept,,,
d5455979fd921f7a9faa022e9b0fa4ef,hoerspiele.de:episode:6848,accept,,,
24083023eb8e4c80e13af9a2f943d753,hoerspiele.de:episode:11408,accept,,,
44cea976a991aa360df1bc17ae306421,hoerspiele.de:episode:12375,accept,,,
7b0b30a98b30a3d0e0d413bc19828464,hoerspiele.de:stub:781b5bf4e505ba4e34b7f904ee4a50b7d9d37bc37029924811e0abf02385d298,accept,,,
30432173ba8e1dfead4cc74d8255ce15,hoerspiele.de:stub:9ae42775b0caf71a1ec1defdae679cbb1603f7d6831da2cfbf8672e377984752,accept,,,
b5dacd1b85a0c514b03c5c747255c0f0,hoerspiele.de:stub:deffce27bdf595bcca9ee4ff55f0322b661ed237b3c04d69d761c896bf69ac98,accept,,,
848a21288f32fb9aac7804fdfb2edca1,hoerspiele.de:stub:dc6c28100b53bd9a2f21efff6019011fa80a7f94c2b10a9612e8149659ee8749,accept,,,
3666adc785604dd775d3341eca3d54d3,hoerspiele.de:stub:2d89de9064d8dcf8cff9d0f893f59724769284511538a9a785d1c807703038e2,accept,,,
a36e5a005a6646997d6b68faefec3ad4,hoerspiele.de:episode:12381,accept,,,
8e9a5fce67f3e875bc814b662a2c86c2,hoerspiele.de:stub:3452d5bfc6144ceb40c95ce3babca58279acfb7607fbd973650edb7b8324ffaa,accept,,,
6a75c58e9ba2a3e266663d90709ee26d,hoerspiele.de:stub:ced37f40e4f60ca34b987bae8a036bc408ccbece8b70112163c5f0743682aaa8,accept,,,
99d98493ce3823fb483943ef0d8aa147,hoerspiele.de:stub:1d0b50424c5b0fc72536e8decdf3ba6f8ba1e459e7e0b2befc23b7a132d15a70,accept,,,
a1f4064528948ef576283b27ba5988e9,hoerspiele.de:episode:12385,accept,,,
a2e9c90b3bb4b6430471e0aec0da3a16,hoerspiele.de:episode:12337,accept,,,
587036c876166e665751411016f2fd26,hoerspiele.de:stub:33811823d742e0c4d99459bc87e24e83fc4c8c03aa4913e2c856d3be2cab5551,accept,,,
e3b130193fa6ac515e327ec521eb3741,hoerspiele.de:stub:48edb2cdeaeb7abfa323bf6dc36e307a5427c88bb84b7cb1220e339975836981,accept,,,
5b06008bc1eae9f54ba89c7382565377,hoerspiele.de:stub:4fbce6a65583d5b7818171805e0c6f7dc8bac84753abc2ac364fb904de51ac71,accept,,,
07a9dfd0d75a166156454c5e353f49d8,hoerspiele.de:episode:12363,accept,,,
51099d7e7cc95ca22711a5f43bcfcedf,hoerspiele.de:stub:c0c6c6b55ceff2cc8142eef4dbf0200fe61b0485bb78b7171553c55c7da6d73d,accept,,,
36d7723c9777ea031fb6cab1717df4ea,hoerspiele.de:stub:f08c074990fc58ee8a47138ebcece939e8ccddbb342ca8c44a58359429fabf2f,accept,,,
b03fdb89c82587379f0353da30dab32a,hoerspiele.de:stub:518bc3f161b293981d289dc7dc6889580c2575acc7e257ca2f1f6eb4428200d9,accept,,,
ea16d8c4fd2955175e6a5eef708775c8,hoerspiele.de:stub:2309305ed2e5448049669a34c9376792ad8881e788d4f5003674b7779081147f,accept,,,
6dabce462f654f2d74f4214e348c1c85,hoerspiele.de:episode:1014,accept,,,
a2b7bc05acd3266cbf26fcab3bc96f01,hoerspiele.de:episode:1015,accept,,,
5974de1c72697859ae879fb0dda4cc8b,hoerspiele.de:episode:25292,accept,,,
876ab86cb5803e2ec0d06ab687691759,hoerspiele.de:episode:3163,accept,,,
950b87d6f816b380abf1e8d9ea2d20e0,hoerspiele.de:episode:19169,accept,,,
582fa8c6f845d93a72fcb762d1665dc0,hoerspiele.de:episode:17603,accept,,,
b0efd1e394195cad21bfee418f7accc3,hoerspiele.de:episode:17824,accept,,,
8bdb4ee1be7c869fd0d274d5fe010059,hoerspiele.de:episode:17825,accept,,,
4f9062961d071e081be19ee45d5f7d16,hoerspiele.de:episode:24880,accept,,,
9f8f24555e09dcd39b3a6cda98dc47fb,hoerspiele.de:episode:12901,accept,,,
4e7a1007f2e5cde300e769103f972356,hoerspiele.de:episode:30006,accept,,,
332e93f745d08c7df054b09e72fadf9f,hoerspiele.de:episode:17355,accept,,,
e2f56cdcff6e0f0b423e11670047547a,hoerspiele.de:episode:22169,accept,,,
c06b4c232fa1ec0fa6ec7d401f5f98fb,hoerspiele.de:episode:26824,accept,,,
4b9909532ad035a321d0d8a7e27038b6,hoerspiele.de:episode:29901,accept,,,
583ab954209f7cd4e6e37e0da07fc50f,hoerspiele.de:stub:60f480ead3d0381c1f2d9c9ce2a24a647432819e99b80caf57efa8836f14ca46,accept,,,
21f0867a7fa35bfe994e8319865e9b40,hoerspiele.de:episode:13428,accept,,,
464c38d36bbac5d01febc36756b77552,hoerspiele.de:episode:13567,accept,,,
aa77f819a230dcd5893dc2c70e6a510b,hoerspiele.de:episode:13568,accept,,,
4c0b025cf57e214d77185bc893e85762,hoerspiele.de:episode:13926,accept,,,
632b03bdd00338a1f20e8a0e3b9cffcc,hoerspiele.de:episode:8203,accept,live_production,"live,special",
40a3537dd6de28e77bb9ede7a5104ff4,hoerspiele.de:episode:16082,accept,live_production,"live,special",
a9a221992193117395aa3455717e372f,hoerspiele.de:episode:20646,accept,special,"special,audiobook",
35f8d00bd68c833b35beb34cc03bbe64,hoerspiele.de:episode:29620,accept,special,"special,audiobook",
fbf17a4f5f1e1b71370e039067f3bc92,hoerspiele.de:episode:19462,accept,special,special,
9900267612921bd1d0d7dcd2478b96d3,hoerspiele.de:episode:15735,accept,special,special,
9017387543c67c1b8932b6da827c167e,hoerspiele.de:episode:16763,accept,special,special,
774389ff341b18673f6ecdbf63567e02,hoerspiele.de:episode:3169,accept,special,special,
0110fe7f8ce688bd715928f5e469736e,hoerspiele.de:episode:5834,accept,special,special,
2b96f6bd5ca1a099cd980a0882476fed,hoerspiele.de:episode:3953,accept,special,special,
b6fdc8061c645a4163d21cc13ffe5183,hoerspiele.de:episode:6332,accept,special,"special,dialect",
b9c00cd999881539ec59e192cc74b219,hoerspiele.de:episode:6333,accept,special,"special,dialect",
210a0fd9ac667caa243ed2724486ff3f,hoerspiele.de:episode:6334,accept,special,"special,dialect",
27fd3fdcfa44a872761d1147fa32941d,hoerspiele.de:episode:6335,accept,special,"special,dialect",
8aa3f2201f931de61481920078cb733c,hoerspiele.de:episode:6336,accept,special,"special,dialect",
3c05b7bda60a75b24b09fe66de11a6fb,hoerspiele.de:episode:6337,accept,special,"special,dialect",
c3916def8c0b0a6fc72bd7ca87f6d178,hoerspiele.de:episode:6338,accept,special,"special,dialect",
a49ddaeebcfe62aec7a4b1efae684480,hoerspiele.de:episode:6339,accept,special,"special,dialect",
ddf43592114d59601ea9f06da5ff239f,hoerspiele.de:episode:10507,accept,film_adaptation,film,
