source_key,production_line_key,production_line_label,production_line_order
hoerspiele.de:episode:1511,tonstudio_braun,Tonstudio Braun,20
hoerspiele.de:episode:1512,tonstudio_braun,Tonstudio Braun,20
hoerspiele.de:episode:1513,tonstudio_braun,Tonstudio Braun,20
hoerspiele.de:episode:1514,tonstudio_braun,Tonstudio Braun,20
hoerspiele.de:episode:1515,tonstudio_braun,Tonstudio Braun,20
hoerspiele.de:episode:1516,tonstudio_braun,Tonstudio Braun,20
hoerspiele.de:episode:1518,tonstudio_braun,Tonstudio Braun,20
hoerspiele.de:episode:1519,tonstudio_braun,Tonstudio Braun,20
hoerspiele.de:episode:1520,tonstudio_braun,Tonstudio Braun,20
hoerspiele.de:episode:1521,tonstudio_braun,Tonstudio Braun,20
hoerspiele.de:episode:1522,tonstudio_braun,Tonstudio Braun,20
hoerspiele.de:episode:1525,tonstudio_braun,Tonstudio Braun,20
hoerspiele.de:episode:1526,tonstudio_braun,Tonstudio Braun,20
hoerspiele.de:episode:1527,tonstudio_braun,Tonstudio Braun,20
hoerspiele.de:episode:1528,tonstudio_braun,Tonstudio Braun,20
hoerspiele.de:episode:1529,tonstudio_braun,Tonstudio Braun,20
hoerspiele.de:episode:1531,tonstudio_braun,Tonstudio Braun,20
hoerspiele.de:episode:1533,tonstudio_braun,Tonstudio Braun,20
hoerspiele.de:episode:1534,tonstudio_braun,Tonstudio Braun,20
hoerspiele.de:episode:1535,tonstudio_braun,Tonstudio Braun,20
hoerspiele.de:episode:1536,tonstudio_braun,Tonstudio Braun,20
hoerspiele.de:episode:1538,tonstudio_braun,Tonstudio Braun,20
hoerspiele.de:episode:1539,tonstudio_braun,Tonstudio Braun,20
hoerspiele.de:episode:1540,tonstudio_braun,Tonstudio Braun,20
hoerspiele.de:episode:1541,tonstudio_braun,Tonstudio Braun,20
hoerspiele.de:episode:1542,tonstudio_braun,Tonstudio Braun,20
hoerspiele.de:episode:1543,tonstudio_braun,Tonstudio Braun,20
hoerspiele.de:episode:1546,tonstudio_braun,Tonstudio Braun,20
hoerspiele.de:episode:1547,tonstudio_braun,Tonstudio Braun,20
hoerspiele.de:episode:1548,tonstudio_braun,Tonstudio Braun,20
hoerspiele.de:episode:1549,tonstudio_braun,Tonstudio Braun,20
hoerspiele.de:episode:1550,tonstudio_braun,Tonstudio Braun,20
hoerspiele.de:episode:1551,tonstudio_braun,Tonstudio Braun,20
hoerspiele.de:episode:1552,tonstudio_braun,Tonstudio Braun,20
hoerspiele.de:episode:1553,tonstudio_braun,Tonstudio Braun,20
hoerspiele.de:episode:1554,tonstudio_braun,Tonstudio Braun,20
hoerspiele.de:episode:1555,tonstudio_braun,Tonstudio Braun,20
hoerspiele.de:episode:1556,tonstudio_braun,Tonstudio Braun,20
hoerspiele.de:episode:1557,tonstudio_braun,Tonstudio Braun,20
hoerspiele.de:episode:1561,tonstudio_braun,Tonstudio Braun,20
hoerspiele.de:episode:1563,tonstudio_braun,Tonstudio Braun,20
hoerspiele.de:episode:1564,tonstudio_braun,Tonstudio Braun,20
hoerspiele.de:episode:1565,tonstudio_braun,Tonstudio Braun,20
hoerspiele.de:episode:1567,tonstudio_braun,Tonstudio Braun,20
hoerspiele.de:episode:1568,tonstudio_braun,Tonstudio Braun,20
hoerspiele.de:episode:1569,tonstudio_braun,Tonstudio Braun,20
hoerspiele.de:episode:1570,tonstudio_braun,Tonstudio Braun,20
hoerspiele.de:episode:1571,tonstudio_braun,Tonstudio Braun,20
hoerspiele.de:episode:1572,tonstudio_braun,Tonstudio Braun,20
hoerspiele.de:episode:1573,tonstudio_braun,Tonstudio Braun,20
hoerspiele.de:episode:1574,tonstudio_braun,Tonstudio Braun,20
hoerspiele.de:episode:1575,tonstudio_braun,Tonstudio Braun,20
hoerspiele.de:episode:1576,tonstudio_braun,Tonstudio Braun,20
hoerspiele.de:episode:1579,tonstudio_braun,Tonstudio Braun,20
hoerspiele.de:episode:1580,tonstudio_braun,Tonstudio Braun,20
hoerspiele.de:episode:1581,tonstudio_braun,Tonstudio Braun,20
hoerspiele.de:episode:1582,tonstudio_braun,Tonstudio Braun,20
hoerspiele.de:episode:1583,tonstudio_braun,Tonstudio Braun,20
hoerspiele.de:episode:1584,tonstudio_braun,Tonstudio Braun,20
hoerspiele.de:episode:1585,tonstudio_braun,Tonstudio Braun,20
hoerspiele.de:episode:1586,tonstudio_braun,Tonstudio Braun,20
hoerspiele.de:episode:1587,tonstudio_braun,Tonstudio Braun,20
hoerspiele.de:episode:1588,tonstudio_braun,Tonstudio Braun,20
hoerspiele.de:episode:1589,tonstudio_braun,Tonstudio Braun,20
hoerspiele.de:episode:1590,tonstudio_braun,Tonstudio Braun,20
hoerspiele.de:episode:1591,tonstudio_braun,Tonstudio Braun,20
hoerspiele.de:episode:1592,tonstudio_braun,Tonstudio Braun,20
hoerspiele.de:episode:1593,tonstudio_braun,Tonstudio Braun,20
hoerspiele.de:episode:1594,tonstudio_braun,Tonstudio Braun,20
hoerspiele.de:episode:1595,tonstudio_braun,Tonstudio Braun,20
hoerspiele.de:episode:1596,tonstudio_braun,Tonstudio Braun,20
hoerspiele.de:episode:1597,tonstudio_braun,Tonstudio Braun,20
hoerspiele.de:episode:1598,tonstudio_braun,Tonstudio Braun,20
hoerspiele.de:episode:1599,tonstudio_braun,Tonstudio Braun,20
hoerspiele.de:episode:1600,tonstudio_braun,Tonstudio Braun,20
hoerspiele.de:episode:1601,tonstudio_braun,Tonstudio Braun,20
hoerspiele.de:episode:1602,tonstudio_braun,Tonstudio Braun,20
hoerspiele.de:episode:1603,tonstudio_braun,Tonstudio Braun,20
hoerspiele.de:episode:1604,tonstudio_braun,Tonstudio Braun,20
hoerspiele.de:episode:1605,tonstudio_braun,Tonstudio Braun,20
hoerspiele.de:episode:1606,tonstudio_braun,Tonstudio Braun,20
hoerspiele.de:episode:1607,tonstudio_braun,Tonstudio Braun,20
hoerspiele.de:episode:1609,tonstudio_braun,Tonstudio Braun,20
hoerspiele.de:episode:1610,tonstudio_braun,Tonstudio Braun,20
hoerspiele.de:episode:1611,tonstudio_braun,Tonstudio Braun,20
hoerspiele.de:episode:1612,tonstudio_braun,Tonstudio Braun,20
hoerspiele.de:episode:1614,tonstudio_braun,Tonstudio Braun,20
hoerspiele.de:episode:1615,tonstudio_braun,Tonstudio Braun,20
hoerspiele.de:episode:1616,tonstudio_braun,Tonstudio Braun,20
hoerspiele.de:episode:1617,tonstudio_braun,Tonstudio Braun,20
hoerspiele.de:episode:22878,tonstudio_braun,Tonstudio Braun,20
